{
  "tcp_pose": {
    "position_m": [
      0.44645439738981985,
      0.00044958048676872883,
      0.28512662416990137
    ],
    "quat_xyzw": [
      -0.9999982831507173,
      -0.0001358749467467652,
      0.0018269627480934217,
      0.00027828175276932015
    ],
    "rotation_rpy_deg": [
      -179.96808265410806,
      0.2093502831019129,
      0.015628459307224073
    ],
    "frame": "base"
  }
}