{
  "fx": 655.5262762717883,
  "fy": 656.94480642929,
  "cx": 635.875866541722,
  "cy": 353.9787867042496,
  "saved_at": "2026-05-11T06:01:28.386343Z",
  "dist_coeffs": [
    -0.05454648269423517,
    0.08241280269410144,
    -0.001440780613427548,
    0.0018716338699728407,
    -0.05089662571612875
  ],
  "resolution": {
    "width": 1280,
    "height": 720
  }
}